{"Logistic Regression": {"Accuracy": 72.44, "Precision": 0.0, "Recall": 0.0, "F1 Score": 0.0}, "Decision Tree": {"Accuracy": 69.28999999999999, "Precision": 33.33, "Recall": 11.43, "F1 Score": 17.02}, "Random Forest": {"Accuracy": 73.22999999999999, "Precision": 100.0, "Recall": 2.86, "F1 Score": 5.56}, "Naive Bayes": {"Accuracy": 64.57000000000001, "Precision": 36.11, "Recall": 37.14, "F1 Score": 36.620000000000005}, "KNN": {"Accuracy": 66.93, "Precision": 29.409999999999997, "Recall": 14.29, "F1 Score": 19.23}, "Linear SVM": {"Accuracy": 72.44, "Precision": 0.0, "Recall": 0.0, "F1 Score": 0.0}, "Kernel SVM": {"Accuracy": 72.44, "Precision": 0.0, "Recall": 0.0, "F1 Score": 0.0}}